FullName,ISO3,ISO1,molecular_weight,type,aromatic
Alanine,ALA,A,89.09,hydrophobic,0
Arginine,ARG,R,174.20,positive,0
Asparagine,ASN,N,132.12,polar,0
Aspartic_Acid,ASP,D,133.10,negative,0
Cysteine,CYS,C,121.16,special,0
Glutamic_Acid,GLU,E,147.13,negative,0
Glutamine,GLN,Q,146.15,polar,0
Glycine,GLY,G,75.07,special,0
Histidine,HIS,H,155.16,positive,0
Isoleucine,ILE,I,131.18,hydrophobic,0
Leucine,LEU,L,131.18,hydrophobic,0
Lysine,LYS,K,146.19,positive,0
Methionine,MET,M,149.21,hydrophobic,0
Phenylalanine,PHE,F,165.19,hydrophobic,1
Proline,PRO,P,115.13,special,0
Serine,SER,S,105.09,polar,0
Threonine,THR,T,119.12,polar,0
Tryptophan,TRP,W,204.23,hydrophobic,1
Tyrosine,TYR,Y,181.19,hydrophobic,1
Valine,VAL,V,117.15,hydrophobic,0